orderId,productId,quantity
699a17f60f2b000b285a3cb0,699a17f60f2b000b285a3c3d,2
699a17f60f2b000b285a3cb1,699a17f60f2b000b285a3c3c,2
699a17f60f2b000b285a3cb2,699a17f60f2b000b285a3c37,1
699a17f60f2b000b285a3cb3,699a17f60f2b000b285a3c40,2
699a17f60f2b000b285a3cb4,699a17f60f2b000b285a3c33,1
699a17f60f2b000b285a3cb5,699a17f60f2b000b285a3c2f,3
699a17f60f2b000b285a3cb6,699a17f60f2b000b285a3c38,1
699a17f60f2b000b285a3cb7,699a17f60f2b000b285a3c41,3
699a17f60f2b000b285a3cb8,699a17f60f2b000b285a3c39,1
699a17f60f2b000b285a3cb9,699a17f60f2b000b285a3c41,1
699a17f60f2b000b285a3cb9,699a17f60f2b000b285a3c3e,3
699a17f60f2b000b285a3cba,699a17f60f2b000b285a3c31,3
699a17f60f2b000b285a3cbb,699a17f60f2b000b285a3c36,3
699a17f60f2b000b285a3cbc,699a17f60f2b000b285a3c2f,2
699a17f60f2b000b285a3cbc,699a17f60f2b000b285a3c2e,1
699a17f60f2b000b285a3cbd,699a17f60f2b000b285a3c31,1
699a17f60f2b000b285a3cbe,699a17f60f2b000b285a3c32,2
699a17f60f2b000b285a3cbf,699a17f60f2b000b285a3c31,3
699a17f60f2b000b285a3cbf,699a17f60f2b000b285a3c39,2
699a17f60f2b000b285a3cc0,699a17f60f2b000b285a3c33,1
699a17f60f2b000b285a3cc0,699a17f60f2b000b285a3c3b,1
699a17f60f2b000b285a3cc1,699a17f60f2b000b285a3c31,2
699a17f60f2b000b285a3cc2,699a17f60f2b000b285a3c35,1
699a17f60f2b000b285a3cc3,699a17f60f2b000b285a3c3e,2
699a17f60f2b000b285a3cc4,699a17f60f2b000b285a3c36,1
699a17f60f2b000b285a3cc5,699a17f60f2b000b285a3c38,2
699a17f60f2b000b285a3cc6,699a17f60f2b000b285a3c3b,1
699a17f60f2b000b285a3cc7,699a17f60f2b000b285a3c30,3
699a17f60f2b000b285a3cc8,699a17f60f2b000b285a3c37,2
699a17f60f2b000b285a3cc8,699a17f60f2b000b285a3c3e,3
699a17f60f2b000b285a3cc9,699a17f60f2b000b285a3c3a,3
699a17f60f2b000b285a3cca,699a17f60f2b000b285a3c2e,2
699a17f60f2b000b285a3ccb,699a17f60f2b000b285a3c34,3
699a17f60f2b000b285a3ccc,699a17f60f2b000b285a3c41,2
699a17f60f2b000b285a3ccd,699a17f60f2b000b285a3c2f,1
699a17f60f2b000b285a3cce,699a17f60f2b000b285a3c3a,2
699a17f60f2b000b285a3cce,699a17f60f2b000b285a3c3d,1
699a17f60f2b000b285a3ccf,699a17f60f2b000b285a3c3e,2
699a17f60f2b000b285a3cd0,699a17f60f2b000b285a3c3f,2
699a17f60f2b000b285a3cd0,699a17f60f2b000b285a3c38,3
699a17f60f2b000b285a3cd1,699a17f60f2b000b285a3c3d,2
699a17f60f2b000b285a3cd1,699a17f60f2b000b285a3c3c,1
699a17f60f2b000b285a3cd2,699a17f60f2b000b285a3c30,3
699a17f60f2b000b285a3cd3,699a17f60f2b000b285a3c32,3
699a17f60f2b000b285a3cd4,699a17f60f2b000b285a3c3b,2
699a17f60f2b000b285a3cd5,699a17f60f2b000b285a3c39,2
699a17f60f2b000b285a3cd6,699a17f60f2b000b285a3c35,1
699a17f60f2b000b285a3cd6,699a17f60f2b000b285a3c3d,2
699a17f60f2b000b285a3cd7,699a17f60f2b000b285a3c3c,3
699a17f60f2b000b285a3cd7,699a17f60f2b000b285a3c32,3
699a17f60f2b000b285a3cd8,699a17f60f2b000b285a3c3c,1
699a17f60f2b000b285a3cd9,699a17f60f2b000b285a3c3b,2
699a17f60f2b000b285a3cda,699a17f60f2b000b285a3c39,3
699a17f60f2b000b285a3cda,699a17f60f2b000b285a3c35,1
699a17f60f2b000b285a3cda,699a17f60f2b000b285a3c30,1
699a17f60f2b000b285a3cdb,699a17f60f2b000b285a3c31,3
699a17f60f2b000b285a3cdc,699a17f60f2b000b285a3c41,3
699a17f60f2b000b285a3cdd,699a17f60f2b000b285a3c37,3
699a17f60f2b000b285a3cde,699a17f60f2b000b285a3c35,1
699a17f60f2b000b285a3cf3,699a17f60f2b000b285a3c3b,3
699a17f60f2b000b285a3cf3,699a17f60f2b000b285a3c33,3
699a17f60f2b000b285a3cf4,699a17f60f2b000b285a3c3c,3
699a17f60f2b000b285a3cf4,699a17f60f2b000b285a3c3b,3
699a17f60f2b000b285a3cf5,699a17f60f2b000b285a3c3c,3
699a17f60f2b000b285a3cf6,699a17f60f2b000b285a3c34,2
699a17f60f2b000b285a3cf7,699a17f60f2b000b285a3c3e,1
699a17f60f2b000b285a3cf8,699a17f60f2b000b285a3c3d,1
699a17f60f2b000b285a3cf8,699a17f60f2b000b285a3c3c,1
699a17f60f2b000b285a3cf9,699a17f60f2b000b285a3c3e,2
699a17f60f2b000b285a3cfa,699a17f60f2b000b285a3c36,1
699a17f60f2b000b285a3cfb,699a17f60f2b000b285a3c3d,2
699a17f60f2b000b285a3cfc,699a17f60f2b000b285a3c37,2
699a17f60f2b000b285a3cfc,699a17f60f2b000b285a3c35,1
699a17f60f2b000b285a3cfd,699a17f60f2b000b285a3c32,3
699a17f60f2b000b285a3cfe,699a17f60f2b000b285a3c3c,2
699a17f60f2b000b285a3cff,699a17f60f2b000b285a3c30,3
699a17f60f2b000b285a3d00,699a17f60f2b000b285a3c35,1
699a17f60f2b000b285a3d01,699a17f60f2b000b285a3c3a,2
699a17f60f2b000b285a3d01,699a17f60f2b000b285a3c3c,2
699a17f60f2b000b285a3d02,699a17f60f2b000b285a3c31,3
699a17f60f2b000b285a3d02,699a17f60f2b000b285a3c34,1
699a17f60f2b000b285a3d03,699a17f60f2b000b285a3c3c,3
699a17f60f2b000b285a3d04,699a17f60f2b000b285a3c3c,3
699a17f60f2b000b285a3d04,699a17f60f2b000b285a3c30,1
699a17f60f2b000b285a3d05,699a17f60f2b000b285a3c3f,1
699a17f60f2b000b285a3d06,699a17f60f2b000b285a3c37,3
699a17f60f2b000b285a3d07,699a17f60f2b000b285a3c3a,3
699a17f60f2b000b285a3d07,699a17f60f2b000b285a3c36,3
699a17f60f2b000b285a3d08,699a17f60f2b000b285a3c41,1
699a17f60f2b000b285a3d08,699a17f60f2b000b285a3c36,1
699a17f60f2b000b285a3d09,699a17f60f2b000b285a3c36,1
699a17f60f2b000b285a3d09,699a17f60f2b000b285a3c40,2
699a17f60f2b000b285a3d09,699a17f60f2b000b285a3c2f,3
699a17f60f2b000b285a3d0a,699a17f60f2b000b285a3c3d,2
699a17f60f2b000b285a3d0a,699a17f60f2b000b285a3c30,2
699a17f60f2b000b285a3d0b,699a17f60f2b000b285a3c3d,2
699a17f60f2b000b285a3d0c,699a17f60f2b000b285a3c38,1
699a17f60f2b000b285a3d0d,699a17f60f2b000b285a3c3f,2
699a17f60f2b000b285a3d0d,699a17f60f2b000b285a3c3c,1
699a17f60f2b000b285a3d0e,699a17f60f2b000b285a3c3f,1
699a17f60f2b000b285a3d0f,699a17f60f2b000b285a3c41,2
699a17f60f2b000b285a3d0f,699a17f60f2b000b285a3c35,3
699a17f60f2b000b285a3d0f,699a17f60f2b000b285a3c33,1
699a17f60f2b000b285a3d10,699a17f60f2b000b285a3c31,3
699a17f60f2b000b285a3d11,699a17f60f2b000b285a3c3d,2
699a17f60f2b000b285a3d12,699a17f60f2b000b285a3c32,2
699a17f60f2b000b285a3d12,699a17f60f2b000b285a3c30,2
699a17f60f2b000b285a3d13,699a17f60f2b000b285a3c40,1
699a17f60f2b000b285a3d13,699a17f60f2b000b285a3c3d,2
699a17f60f2b000b285a3d14,699a17f60f2b000b285a3c38,1
699a17f60f2b000b285a3d15,699a17f60f2b000b285a3c3d,3
699a17f60f2b000b285a3d16,699a17f60f2b000b285a3c2f,1
699a17f60f2b000b285a3d17,699a17f60f2b000b285a3c3c,1
699a17f60f2b000b285a3d18,699a17f60f2b000b285a3c36,2
699a17f60f2b000b285a3d19,699a17f60f2b000b285a3c3f,2
699a17f60f2b000b285a3d19,699a17f60f2b000b285a3c3a,3
699a17f60f2b000b285a3d1a,699a17f60f2b000b285a3c35,1
699a17f60f2b000b285a3d1a,699a17f60f2b000b285a3c37,3
699a17f60f2b000b285a3d1b,699a17f60f2b000b285a3c37,1
699a17f60f2b000b285a3d1c,699a17f60f2b000b285a3c3b,3
699a17f60f2b000b285a3d1d,699a17f60f2b000b285a3c35,3
699a17f60f2b000b285a3d1d,699a17f60f2b000b285a3c3d,1
699a17f60f2b000b285a3d1e,699a17f60f2b000b285a3c3f,2
699a17f60f2b000b285a3d1e,699a17f60f2b000b285a3c33,2
699a17f60f2b000b285a3d1e,699a17f60f2b000b285a3c30,3
699a17f60f2b000b285a3d1f,699a17f60f2b000b285a3c3a,2
699a17f60f2b000b285a3d34,699a17f60f2b000b285a3c32,3
699a17f60f2b000b285a3d34,699a17f60f2b000b285a3c31,3
699a17f60f2b000b285a3d35,699a17f60f2b000b285a3c37,2
699a17f60f2b000b285a3d36,699a17f60f2b000b285a3c39,3
699a17f60f2b000b285a3d36,699a17f60f2b000b285a3c3e,2
699a17f60f2b000b285a3d37,699a17f60f2b000b285a3c38,2
699a17f60f2b000b285a3d37,699a17f60f2b000b285a3c31,1
699a17f60f2b000b285a3d38,699a17f60f2b000b285a3c3f,2
699a17f60f2b000b285a3d38,699a17f60f2b000b285a3c39,1
699a17f60f2b000b285a3d38,699a17f60f2b000b285a3c30,2
699a17f60f2b000b285a3d39,699a17f60f2b000b285a3c39,1
699a17f60f2b000b285a3d3a,699a17f60f2b000b285a3c35,3
699a17f60f2b000b285a3d3a,699a17f60f2b000b285a3c30,2
699a17f60f2b000b285a3d3a,699a17f60f2b000b285a3c3c,3
699a17f60f2b000b285a3d3b,699a17f60f2b000b285a3c31,3
699a17f60f2b000b285a3d3b,699a17f60f2b000b285a3c41,1
699a17f60f2b000b285a3d3b,699a17f60f2b000b285a3c35,2
699a17f60f2b000b285a3d3c,699a17f60f2b000b285a3c32,2
699a17f60f2b000b285a3d3d,699a17f60f2b000b285a3c39,1
699a17f60f2b000b285a3d3e,699a17f60f2b000b285a3c39,1
699a17f60f2b000b285a3d3f,699a17f60f2b000b285a3c41,1
699a17f60f2b000b285a3d3f,699a17f60f2b000b285a3c2e,2
699a17f60f2b000b285a3d40,699a17f60f2b000b285a3c35,2
699a17f60f2b000b285a3d41,699a17f60f2b000b285a3c3f,1
699a17f60f2b000b285a3d41,699a17f60f2b000b285a3c36,3
699a17f60f2b000b285a3d41,699a17f60f2b000b285a3c33,1
699a17f60f2b000b285a3d42,699a17f60f2b000b285a3c2f,1
699a17f60f2b000b285a3d43,699a17f60f2b000b285a3c39,3
699a17f60f2b000b285a3d44,699a17f60f2b000b285a3c3e,2
699a17f60f2b000b285a3d44,699a17f60f2b000b285a3c37,3
699a17f60f2b000b285a3d45,699a17f60f2b000b285a3c3d,1
699a17f60f2b000b285a3d45,699a17f60f2b000b285a3c3c,1
699a17f60f2b000b285a3d46,699a17f60f2b000b285a3c41,3
699a17f60f2b000b285a3d47,699a17f60f2b000b285a3c3f,2
699a17f60f2b000b285a3d47,699a17f60f2b000b285a3c34,2
699a17f60f2b000b285a3d48,699a17f60f2b000b285a3c31,2
699a17f60f2b000b285a3d49,699a17f60f2b000b285a3c3d,1
699a17f60f2b000b285a3d49,699a17f60f2b000b285a3c30,1
699a17f60f2b000b285a3d4a,699a17f60f2b000b285a3c3f,3
699a17f60f2b000b285a3d4b,699a17f60f2b000b285a3c2f,3
699a17f60f2b000b285a3d4b,699a17f60f2b000b285a3c37,2
699a17f60f2b000b285a3d4c,699a17f60f2b000b285a3c39,2
699a17f60f2b000b285a3d4c,699a17f60f2b000b285a3c3f,1
699a17f60f2b000b285a3d4d,699a17f60f2b000b285a3c36,1
699a17f60f2b000b285a3d4d,699a17f60f2b000b285a3c2e,2
699a17f60f2b000b285a3d4e,699a17f60f2b000b285a3c40,1
699a17f60f2b000b285a3d4e,699a17f60f2b000b285a3c3a,1
699a17f60f2b000b285a3d4f,699a17f60f2b000b285a3c3c,2
699a17f60f2b000b285a3d50,699a17f60f2b000b285a3c41,1
699a17f60f2b000b285a3d51,699a17f60f2b000b285a3c3b,1
699a17f60f2b000b285a3d51,699a17f60f2b000b285a3c36,3
699a17f60f2b000b285a3d52,699a17f60f2b000b285a3c37,1
699a17f60f2b000b285a3d53,699a17f60f2b000b285a3c36,2
699a17f60f2b000b285a3d53,699a17f60f2b000b285a3c37,1
699a17f60f2b000b285a3d54,699a17f60f2b000b285a3c39,1
699a17f60f2b000b285a3d55,699a17f60f2b000b285a3c40,3
699a17f60f2b000b285a3d55,699a17f60f2b000b285a3c3b,2
699a17f60f2b000b285a3d56,699a17f60f2b000b285a3c33,1
699a17f60f2b000b285a3d56,699a17f60f2b000b285a3c3c,2
699a17f60f2b000b285a3d56,699a17f60f2b000b285a3c39,1
699a17f60f2b000b285a3d57,699a17f60f2b000b285a3c35,1
699a17f60f2b000b285a3d57,699a17f60f2b000b285a3c38,1
699a17f60f2b000b285a3d58,699a17f60f2b000b285a3c32,1
699a17f60f2b000b285a3d59,699a17f60f2b000b285a3c3d,2
699a17f60f2b000b285a3d5a,699a17f60f2b000b285a3c38,2
699a17f60f2b000b285a3d5a,699a17f60f2b000b285a3c32,1
699a17f60f2b000b285a3d5b,699a17f60f2b000b285a3c30,2
699a17f60f2b000b285a3d5c,699a17f60f2b000b285a3c30,3
699a17f60f2b000b285a3d5d,699a17f60f2b000b285a3c40,3
699a17f60f2b000b285a3d5e,699a17f60f2b000b285a3c38,3
699a17f60f2b000b285a3d5f,699a17f60f2b000b285a3c41,1
699a17f60f2b000b285a3d60,699a17f60f2b000b285a3c38,2
699a17f60f2b000b285a3d60,699a17f60f2b000b285a3c30,1
699a17f60f2b000b285a3d61,699a17f60f2b000b285a3c40,3
699a17f60f2b000b285a3d62,699a17f60f2b000b285a3c30,2
699a17f60f2b000b285a3d77,699a17f60f2b000b285a3c37,1
699a17f60f2b000b285a3d78,699a17f60f2b000b285a3c41,3
699a17f60f2b000b285a3d78,699a17f60f2b000b285a3c32,2
699a17f60f2b000b285a3d79,699a17f60f2b000b285a3c2f,2
699a17f60f2b000b285a3d79,699a17f60f2b000b285a3c3b,3
699a17f60f2b000b285a3d7a,699a17f60f2b000b285a3c35,2
699a17f60f2b000b285a3d7b,699a17f60f2b000b285a3c40,2
699a17f60f2b000b285a3d7c,699a17f60f2b000b285a3c34,1
699a17f60f2b000b285a3d7c,699a17f60f2b000b285a3c32,3
699a17f60f2b000b285a3d7c,699a17f60f2b000b285a3c36,2
699a17f60f2b000b285a3d7d,699a17f60f2b000b285a3c37,1
699a17f60f2b000b285a3d7d,699a17f60f2b000b285a3c30,2
699a17f60f2b000b285a3d7e,699a17f60f2b000b285a3c35,1
699a17f60f2b000b285a3d7e,699a17f60f2b000b285a3c3c,2
699a17f60f2b000b285a3d7e,699a17f60f2b000b285a3c39,1
699a17f60f2b000b285a3d7f,699a17f60f2b000b285a3c31,3
699a17f60f2b000b285a3d80,699a17f60f2b000b285a3c3d,2
699a17f60f2b000b285a3d80,699a17f60f2b000b285a3c32,3
699a17f60f2b000b285a3d80,699a17f60f2b000b285a3c41,1
699a17f60f2b000b285a3d81,699a17f60f2b000b285a3c41,3
699a17f60f2b000b285a3d82,699a17f60f2b000b285a3c3b,3
699a17f60f2b000b285a3d83,699a17f60f2b000b285a3c2e,3
699a17f60f2b000b285a3d84,699a17f60f2b000b285a3c39,1
699a17f60f2b000b285a3d85,699a17f60f2b000b285a3c30,3
699a17f60f2b000b285a3d85,699a17f60f2b000b285a3c3e,3
699a17f60f2b000b285a3d85,699a17f60f2b000b285a3c3f,3
699a17f60f2b000b285a3d86,699a17f60f2b000b285a3c2e,2
699a17f60f2b000b285a3d87,699a17f60f2b000b285a3c38,1
699a17f60f2b000b285a3d87,699a17f60f2b000b285a3c32,2
699a17f60f2b000b285a3d88,699a17f60f2b000b285a3c3d,1
699a17f60f2b000b285a3d88,699a17f60f2b000b285a3c33,3
699a17f60f2b000b285a3d88,699a17f60f2b000b285a3c32,2
699a17f60f2b000b285a3d89,699a17f60f2b000b285a3c3e,2
699a17f60f2b000b285a3d89,699a17f60f2b000b285a3c3a,2
699a17f60f2b000b285a3d89,699a17f60f2b000b285a3c3f,1
699a17f60f2b000b285a3d8a,699a17f60f2b000b285a3c38,1
699a17f60f2b000b285a3d8a,699a17f60f2b000b285a3c36,2
699a17f60f2b000b285a3d8b,699a17f60f2b000b285a3c33,2
699a17f60f2b000b285a3d8c,699a17f60f2b000b285a3c30,3
699a17f60f2b000b285a3d8c,699a17f60f2b000b285a3c3b,1
699a17f60f2b000b285a3d8d,699a17f60f2b000b285a3c41,3
699a17f60f2b000b285a3d8e,699a17f60f2b000b285a3c39,2
699a17f60f2b000b285a3d8e,699a17f60f2b000b285a3c3b,3
699a17f60f2b000b285a3d8f,699a17f60f2b000b285a3c33,1
699a17f60f2b000b285a3d90,699a17f60f2b000b285a3c39,2
699a17f60f2b000b285a3d91,699a17f60f2b000b285a3c30,3
699a17f60f2b000b285a3d92,699a17f60f2b000b285a3c33,2
699a17f60f2b000b285a3d93,699a17f60f2b000b285a3c34,3
699a17f60f2b000b285a3d93,699a17f60f2b000b285a3c37,2
699a17f60f2b000b285a3d94,699a17f60f2b000b285a3c38,3
699a17f60f2b000b285a3d94,699a17f60f2b000b285a3c39,3
699a17f60f2b000b285a3d94,699a17f60f2b000b285a3c30,2
699a17f60f2b000b285a3d95,699a17f60f2b000b285a3c3e,1
699a17f60f2b000b285a3d95,699a17f60f2b000b285a3c35,1
699a17f60f2b000b285a3d96,699a17f60f2b000b285a3c3f,1
699a17f60f2b000b285a3d97,699a17f60f2b000b285a3c3b,3
699a17f60f2b000b285a3d98,699a17f60f2b000b285a3c3f,3
699a17f60f2b000b285a3d99,699a17f60f2b000b285a3c3e,2
699a17f60f2b000b285a3d99,699a17f60f2b000b285a3c32,1
699a17f60f2b000b285a3d9a,699a17f60f2b000b285a3c30,1
699a17f60f2b000b285a3d9a,699a17f60f2b000b285a3c36,3
699a17f60f2b000b285a3d9b,699a17f60f2b000b285a3c33,3
699a17f60f2b000b285a3d9c,699a17f60f2b000b285a3c40,1
699a17f60f2b000b285a3d9c,699a17f60f2b000b285a3c2f,1
699a17f60f2b000b285a3d9d,699a17f60f2b000b285a3c2e,3
699a17f60f2b000b285a3d9d,699a17f60f2b000b285a3c3d,3
699a17f60f2b000b285a3d9e,699a17f60f2b000b285a3c30,3
699a17f60f2b000b285a3d9f,699a17f60f2b000b285a3c38,3
699a17f60f2b000b285a3da0,699a17f60f2b000b285a3c31,2
699a17f60f2b000b285a3da1,699a17f60f2b000b285a3c3a,3
699a17f60f2b000b285a3da2,699a17f60f2b000b285a3c33,2
699a17f60f2b000b285a3da3,699a17f60f2b000b285a3c3a,3
699a17f60f2b000b285a3da4,699a17f60f2b000b285a3c3d,3
699a17f60f2b000b285a3da5,699a17f60f2b000b285a3c31,2
699a17f60f2b000b285a3da6,699a17f60f2b000b285a3c3f,1
699a17f60f2b000b285a3da7,699a17f60f2b000b285a3c41,1
699a17f60f2b000b285a3da7,699a17f60f2b000b285a3c31,1
699a17f60f2b000b285a3da8,699a17f60f2b000b285a3c3e,2
699a17f60f2b000b285a3dbd,699a17f60f2b000b285a3c40,2
699a17f60f2b000b285a3dbe,699a17f60f2b000b285a3c40,3
699a17f60f2b000b285a3dbe,699a17f60f2b000b285a3c37,2
699a17f60f2b000b285a3dbe,699a17f60f2b000b285a3c2e,2
699a17f60f2b000b285a3dbf,699a17f60f2b000b285a3c33,3
699a17f60f2b000b285a3dc0,699a17f60f2b000b285a3c31,1
699a17f60f2b000b285a3dc1,699a17f60f2b000b285a3c41,2
699a17f60f2b000b285a3dc2,699a17f60f2b000b285a3c3f,2
699a17f60f2b000b285a3dc3,699a17f60f2b000b285a3c3f,2
699a17f60f2b000b285a3dc4,699a17f60f2b000b285a3c34,2
699a17f60f2b000b285a3dc4,699a17f60f2b000b285a3c35,3
699a17f60f2b000b285a3dc5,699a17f60f2b000b285a3c39,3
699a17f60f2b000b285a3dc6,699a17f60f2b000b285a3c3f,2
699a17f60f2b000b285a3dc7,699a17f60f2b000b285a3c37,3
699a17f60f2b000b285a3dc8,699a17f60f2b000b285a3c3f,2
699a17f60f2b000b285a3dc9,699a17f60f2b000b285a3c3e,1
699a17f60f2b000b285a3dca,699a17f60f2b000b285a3c32,1
699a17f60f2b000b285a3dcb,699a17f60f2b000b285a3c34,2
699a17f60f2b000b285a3dcc,699a17f60f2b000b285a3c2f,1
699a17f60f2b000b285a3dcd,699a17f60f2b000b285a3c3a,3
699a17f60f2b000b285a3dcd,699a17f60f2b000b285a3c3d,2
699a17f60f2b000b285a3dcd,699a17f60f2b000b285a3c33,1
699a17f60f2b000b285a3dce,699a17f60f2b000b285a3c32,3
699a17f60f2b000b285a3dcf,699a17f60f2b000b285a3c33,3
699a17f60f2b000b285a3dcf,699a17f60f2b000b285a3c2e,2
699a17f60f2b000b285a3dd0,699a17f60f2b000b285a3c3a,3
699a17f60f2b000b285a3dd0,699a17f60f2b000b285a3c3b,2
699a17f60f2b000b285a3dd1,699a17f60f2b000b285a3c3a,1
699a17f60f2b000b285a3dd2,699a17f60f2b000b285a3c39,3
699a17f60f2b000b285a3dd3,699a17f60f2b000b285a3c37,2
699a17f60f2b000b285a3dd3,699a17f60f2b000b285a3c31,3
699a17f60f2b000b285a3dd3,699a17f60f2b000b285a3c41,1
699a17f60f2b000b285a3dd4,699a17f60f2b000b285a3c3f,2
699a17f60f2b000b285a3dd5,699a17f60f2b000b285a3c41,3
699a17f60f2b000b285a3dd5,699a17f60f2b000b285a3c30,2
699a17f60f2b000b285a3dd6,699a17f60f2b000b285a3c3f,3
699a17f60f2b000b285a3dd7,699a17f60f2b000b285a3c34,3
699a17f60f2b000b285a3dd8,699a17f60f2b000b285a3c3e,2
699a17f60f2b000b285a3dd9,699a17f60f2b000b285a3c3a,1
699a17f60f2b000b285a3dd9,699a17f60f2b000b285a3c36,3
699a17f60f2b000b285a3dda,699a17f60f2b000b285a3c30,2
699a17f60f2b000b285a3dda,699a17f60f2b000b285a3c3d,2
699a17f60f2b000b285a3dda,699a17f60f2b000b285a3c2f,1
699a17f60f2b000b285a3ddb,699a17f60f2b000b285a3c3a,2
699a17f60f2b000b285a3ddc,699a17f60f2b000b285a3c39,1
699a17f60f2b000b285a3ddd,699a17f60f2b000b285a3c2e,2
699a17f60f2b000b285a3ddd,699a17f60f2b000b285a3c37,3
699a17f60f2b000b285a3dde,699a17f60f2b000b285a3c39,1
699a17f60f2b000b285a3ddf,699a17f60f2b000b285a3c2e,1
699a17f60f2b000b285a3ddf,699a17f60f2b000b285a3c35,1
699a17f60f2b000b285a3de0,699a17f60f2b000b285a3c2f,2
699a17f60f2b000b285a3de1,699a17f60f2b000b285a3c37,1
699a17f60f2b000b285a3de2,699a17f60f2b000b285a3c32,3
699a17f60f2b000b285a3de3,699a17f60f2b000b285a3c3b,2
699a17f60f2b000b285a3de3,699a17f60f2b000b285a3c3f,1
699a17f60f2b000b285a3de4,699a17f60f2b000b285a3c3b,2
699a17f60f2b000b285a3de5,699a17f60f2b000b285a3c32,2
699a17f60f2b000b285a3de6,699a17f60f2b000b285a3c35,2
699a17f60f2b000b285a3de7,699a17f60f2b000b285a3c34,1
699a17f60f2b000b285a3de8,699a17f60f2b000b285a3c40,1
699a17f60f2b000b285a3de8,699a17f60f2b000b285a3c3f,2
699a17f60f2b000b285a3de9,699a17f60f2b000b285a3c31,3
699a17f60f2b000b285a3de9,699a17f60f2b000b285a3c3d,3
699a17f60f2b000b285a3de9,699a17f60f2b000b285a3c35,3
699a17f60f2b000b285a3dea,699a17f60f2b000b285a3c39,2
699a17f60f2b000b285a3deb,699a17f60f2b000b285a3c38,2
699a17f60f2b000b285a3deb,699a17f60f2b000b285a3c34,2
699a17f60f2b000b285a3dec,699a17f60f2b000b285a3c40,3
699a17f60f2b000b285a3ded,699a17f60f2b000b285a3c35,2
699a17f60f2b000b285a3dee,699a17f60f2b000b285a3c3d,3
699a17f60f2b000b285a3dee,699a17f60f2b000b285a3c3c,2
699a17f60f2b000b285a3dee,699a17f60f2b000b285a3c33,1
699a17f60f2b000b285a3def,699a17f60f2b000b285a3c30,3
699a17f60f2b000b285a3df0,699a17f60f2b000b285a3c3e,2
699a17f60f2b000b285a3df1,699a17f60f2b000b285a3c3f,3
699a17f60f2b000b285a3df2,699a17f60f2b000b285a3c2e,1
699a17f60f2b000b285a3df2,699a17f60f2b000b285a3c3e,1
699a17f60f2b000b285a3df2,699a17f60f2b000b285a3c3b,1
699a17f60f2b000b285a3df3,699a17f60f2b000b285a3c36,1
699a17f60f2b000b285a3df3,699a17f60f2b000b285a3c3a,2
699a17f60f2b000b285a3df4,699a17f60f2b000b285a3c30,3
699a17f60f2b000b285a3df5,699a17f60f2b000b285a3c3d,1
699a17f60f2b000b285a3df6,699a17f60f2b000b285a3c38,1
699a17f60f2b000b285a3df6,699a17f60f2b000b285a3c40,3
699a17f60f2b000b285a3df7,699a17f60f2b000b285a3c30,3
699a17f60f2b000b285a3df8,699a17f60f2b000b285a3c38,1
699a17f60f2b000b285a3df9,699a17f60f2b000b285a3c37,3
699a17f60f2b000b285a3df9,699a17f60f2b000b285a3c33,2
699a17f60f2b000b285a3df9,699a17f60f2b000b285a3c35,3
699a17f60f2b000b285a3dfa,699a17f60f2b000b285a3c30,3
699a17f60f2b000b285a3dfa,699a17f60f2b000b285a3c3e,2
699a17f60f2b000b285a3dfb,699a17f60f2b000b285a3c38,2
699a17f60f2b000b285a3dfb,699a17f60f2b000b285a3c2e,2
699a17f60f2b000b285a3dfb,699a17f60f2b000b285a3c36,1
699a17f60f2b000b285a3dfc,699a17f60f2b000b285a3c41,2
699a17f60f2b000b285a3e11,699a17f60f2b000b285a3c3f,3
699a17f60f2b000b285a3e12,699a17f60f2b000b285a3c38,2
699a17f60f2b000b285a3e13,699a17f60f2b000b285a3c33,3
699a17f60f2b000b285a3e14,699a17f60f2b000b285a3c36,2
699a17f60f2b000b285a3e15,699a17f60f2b000b285a3c34,2
699a17f60f2b000b285a3e16,699a17f60f2b000b285a3c38,2
699a17f60f2b000b285a3e16,699a17f60f2b000b285a3c3c,2
699a17f60f2b000b285a3e17,699a17f60f2b000b285a3c41,3
699a17f60f2b000b285a3e18,699a17f60f2b000b285a3c3d,1
699a17f60f2b000b285a3e18,699a17f60f2b000b285a3c40,2
699a17f60f2b000b285a3e19,699a17f60f2b000b285a3c3f,1
699a17f60f2b000b285a3e1a,699a17f60f2b000b285a3c34,3
699a17f60f2b000b285a3e1a,699a17f60f2b000b285a3c3c,1
699a17f60f2b000b285a3e1a,699a17f60f2b000b285a3c37,2
699a17f60f2b000b285a3e1b,699a17f60f2b000b285a3c3b,1
699a17f60f2b000b285a3e1b,699a17f60f2b000b285a3c3a,2
699a17f60f2b000b285a3e1c,699a17f60f2b000b285a3c3b,2
699a17f60f2b000b285a3e1c,699a17f60f2b000b285a3c3f,3
699a17f60f2b000b285a3e1c,699a17f60f2b000b285a3c2f,3
699a17f60f2b000b285a3e1d,699a17f60f2b000b285a3c39,3
699a17f60f2b000b285a3e1d,699a17f60f2b000b285a3c33,3
699a17f60f2b000b285a3e1e,699a17f60f2b000b285a3c3b,1
699a17f60f2b000b285a3e1e,699a17f60f2b000b285a3c31,2
699a17f60f2b000b285a3e1e,699a17f60f2b000b285a3c2e,1
699a17f60f2b000b285a3e1f,699a17f60f2b000b285a3c3a,2
699a17f60f2b000b285a3e20,699a17f60f2b000b285a3c3d,2
699a17f60f2b000b285a3e20,699a17f60f2b000b285a3c31,1
699a17f60f2b000b285a3e20,699a17f60f2b000b285a3c37,1
699a17f60f2b000b285a3e21,699a17f60f2b000b285a3c34,3
699a17f60f2b000b285a3e22,699a17f60f2b000b285a3c37,1
699a17f60f2b000b285a3e23,699a17f60f2b000b285a3c33,3
699a17f60f2b000b285a3e23,699a17f60f2b000b285a3c35,1
699a17f60f2b000b285a3e24,699a17f60f2b000b285a3c3a,3
699a17f60f2b000b285a3e25,699a17f60f2b000b285a3c3b,2
699a17f60f2b000b285a3e26,699a17f60f2b000b285a3c3f,1
699a17f60f2b000b285a3e27,699a17f60f2b000b285a3c38,3
699a17f60f2b000b285a3e28,699a17f60f2b000b285a3c37,1
699a17f60f2b000b285a3e28,699a17f60f2b000b285a3c40,3
699a17f60f2b000b285a3e29,699a17f60f2b000b285a3c3b,3
699a17f60f2b000b285a3e2a,699a17f60f2b000b285a3c3d,2
699a17f60f2b000b285a3e2b,699a17f60f2b000b285a3c3d,2
699a17f60f2b000b285a3e2b,699a17f60f2b000b285a3c32,3
699a17f60f2b000b285a3e2b,699a17f60f2b000b285a3c34,3
699a17f60f2b000b285a3e2c,699a17f60f2b000b285a3c30,3
699a17f60f2b000b285a3e2d,699a17f60f2b000b285a3c3c,3
699a17f60f2b000b285a3e2e,699a17f60f2b000b285a3c36,3
699a17f60f2b000b285a3e2f,699a17f60f2b000b285a3c3c,1
699a17f60f2b000b285a3e2f,699a17f60f2b000b285a3c3f,2
699a17f60f2b000b285a3e30,699a17f60f2b000b285a3c39,1
699a17f60f2b000b285a3e31,699a17f60f2b000b285a3c41,1
699a17f60f2b000b285a3e31,699a17f60f2b000b285a3c3b,3
699a17f60f2b000b285a3e32,699a17f60f2b000b285a3c3f,1
699a17f60f2b000b285a3e33,699a17f60f2b000b285a3c31,1
699a17f60f2b000b285a3e33,699a17f60f2b000b285a3c32,2
699a17f60f2b000b285a3e33,699a17f60f2b000b285a3c3b,3
699a17f60f2b000b285a3e34,699a17f60f2b000b285a3c3a,1
699a17f60f2b000b285a3e34,699a17f60f2b000b285a3c3d,3
699a17f60f2b000b285a3e35,699a17f60f2b000b285a3c30,3
699a17f60f2b000b285a3e35,699a17f60f2b000b285a3c3a,3
699a17f60f2b000b285a3e36,699a17f60f2b000b285a3c30,3
699a17f60f2b000b285a3e37,699a17f60f2b000b285a3c3a,2
699a17f60f2b000b285a3e37,699a17f60f2b000b285a3c34,1
699a17f60f2b000b285a3e38,699a17f60f2b000b285a3c3d,2
699a17f60f2b000b285a3e39,699a17f60f2b000b285a3c33,2
699a17f60f2b000b285a3e3a,699a17f60f2b000b285a3c37,2
699a17f60f2b000b285a3e3a,699a17f60f2b000b285a3c33,1
699a17f60f2b000b285a3e3b,699a17f60f2b000b285a3c37,3
699a17f60f2b000b285a3e3c,699a17f60f2b000b285a3c3d,1
699a17f60f2b000b285a3e3d,699a17f60f2b000b285a3c3b,2
699a17f60f2b000b285a3e3d,699a17f60f2b000b285a3c32,1
699a17f60f2b000b285a3e3e,699a17f60f2b000b285a3c32,1
699a17f60f2b000b285a3e3e,699a17f60f2b000b285a3c3a,3
699a17f60f2b000b285a3e3f,699a17f60f2b000b285a3c33,2
699a17f60f2b000b285a3e3f,699a17f60f2b000b285a3c3c,3
699a17f60f2b000b285a3e40,699a17f60f2b000b285a3c30,1
699a17f60f2b000b285a3e40,699a17f60f2b000b285a3c31,1
699a17f60f2b000b285a3e41,699a17f60f2b000b285a3c35,3
699a17f60f2b000b285a3e41,699a17f60f2b000b285a3c36,1
699a17f60f2b000b285a3e42,699a17f60f2b000b285a3c37,3
699a17f60f2b000b285a3e42,699a17f60f2b000b285a3c34,3
699a17f60f2b000b285a3e43,699a17f60f2b000b285a3c35,2
699a17f60f2b000b285a3e43,699a17f60f2b000b285a3c3d,1
699a17f60f2b000b285a3e44,699a17f60f2b000b285a3c38,3
699a17f60f2b000b285a3e44,699a17f60f2b000b285a3c32,2
699a17f60f2b000b285a3e44,699a17f60f2b000b285a3c3a,2
699a17f60f2b000b285a3e45,699a17f60f2b000b285a3c30,1
699a17f60f2b000b285a3e46,699a17f60f2b000b285a3c3b,1
699a17f60f2b000b285a3e46,699a17f60f2b000b285a3c3a,3
699a17f60f2b000b285a3e47,699a17f60f2b000b285a3c34,1
699a17f60f2b000b285a3e48,699a17f60f2b000b285a3c3b,3
699a17f60f2b000b285a3e49,699a17f60f2b000b285a3c41,3
699a17f60f2b000b285a3e4a,699a17f60f2b000b285a3c2e,2
699a17f60f2b000b285a3e4a,699a17f60f2b000b285a3c33,2
699a17f60f2b000b285a3e4b,699a17f60f2b000b285a3c36,3
699a17f60f2b000b285a3e4c,699a17f60f2b000b285a3c30,2
699a17f60f2b000b285a3e4d,699a17f60f2b000b285a3c2f,2
699a17f60f2b000b285a3e4e,699a17f60f2b000b285a3c31,3
699a17f60f2b000b285a3e4e,699a17f60f2b000b285a3c35,3
699a17f60f2b000b285a3e4f,699a17f60f2b000b285a3c32,1
699a17f60f2b000b285a3e50,699a17f60f2b000b285a3c35,2
699a17f60f2b000b285a3e51,699a17f60f2b000b285a3c2f,1
699a17f60f2b000b285a3e52,699a17f60f2b000b285a3c37,1
699a17f60f2b000b285a3e52,699a17f60f2b000b285a3c38,3
699a17f60f2b000b285a3e53,699a17f60f2b000b285a3c35,2
699a17f60f2b000b285a3e53,699a17f60f2b000b285a3c3c,3
699a17f60f2b000b285a3e54,699a17f60f2b000b285a3c35,1
699a17f60f2b000b285a3e54,699a17f60f2b000b285a3c32,2
699a17f60f2b000b285a3e55,699a17f60f2b000b285a3c3a,3
699a17f60f2b000b285a3e56,699a17f60f2b000b285a3c2f,1
699a17f60f2b000b285a3e57,699a17f60f2b000b285a3c39,2
699a17f60f2b000b285a3e58,699a17f60f2b000b285a3c3a,3
699a17f60f2b000b285a3e58,699a17f60f2b000b285a3c30,3
699a17f60f2b000b285a3e59,699a17f60f2b000b285a3c3a,2
699a17f60f2b000b285a3e59,699a17f60f2b000b285a3c38,2
699a17f60f2b000b285a3e59,699a17f60f2b000b285a3c40,1
699a17f60f2b000b285a3e5a,699a17f60f2b000b285a3c3c,2
699a17f60f2b000b285a3e5b,699a17f60f2b000b285a3c3c,2
699a17f60f2b000b285a3e5c,699a17f60f2b000b285a3c41,1
699a17f60f2b000b285a3e5c,699a17f60f2b000b285a3c2f,2
699a17f60f2b000b285a3e5d,699a17f60f2b000b285a3c36,1
699a17f60f2b000b285a3e5d,699a17f60f2b000b285a3c33,2
699a17f60f2b000b285a3e5e,699a17f60f2b000b285a3c32,1
699a17f60f2b000b285a3e5f,699a17f60f2b000b285a3c30,3
